Attribute,Category,Category Code,Property,Summary,Number of missing values,"Can we ignore this feature? If Yes, why? If No, Why? "
SurveyYr,,,,,,
Year4,,,,,,
YearofData,,,,,,
ID,,,,,,
IDChanged,,,,,374515,Yes
State_Code,,,,,,
Type_Code,,,,,,
County,,,,,,
Name,,,,,,
FIPS_Code_State,,,,Unique identifier(integer) for states in the United State,0,"No, We may need it while plotting Choropleth maps? "
FIPS_County,,,,Unique identifier(integer) for counties in the United State,250,"Yes, it contains only nan,0.0 and 1 as the values"
FIPS_Place,,,,,,
FYEndDate,,,,,,
YearPop,,,,,,
SchLevCode,,,,,No data,
Population,General,,Population,,,
FunctionCode,General,,FunctionCode,,No data,
Enrollment,General,,Enrollment,,No data,
Total_Revenue,General,,Total Revenue,,,
Total_Rev_Own_Sources,General,,Total Rev Own Sources,,,
General_Revenue,General,,General Revenue,"All revenue not arising from utilities, liquor stores, or social insurance",,
Gen_Rev_Own_Sources,General,,Gen Rev Own Sources,,,
Total_Taxes,Taxes,,Total,,,
Property_Tax,Taxes,,Property,,,
Tot_Sales___Gr_Rec_Tax,Taxes,,Tot Sales Gr Rec,,,
Total_Gen_Sales_Tax,Taxes,,Total Gen Sales,,,
Total_Select_Sales_Tax,Taxes,,Total Select Sales,,,
Alcoholic_Beverage_Tax,Taxes,,Alcoholic Beverage,,,
Amusement_Tax,Taxes,,Amusement,Sales taxes on all types of amusement businesses,,
Insurance_Premium_Tax,Taxes,,Insurance Premium,,,
Motor_Fuels_Tax,Taxes,,Motor Fuels,,,
Pari_mutuels_Tax,Taxes,,Pari mutuels,,,
Public_Utility_Tax,Taxes,,Public Utility,,,
Tobacco_Tax,Taxes,,Tobacco,,,
Other_Select_Sales_Tax,Taxes,,Other Select Sales,,,
Total_License_Taxes,Licenses,,Total Taxes,,,
Alcoholic_Beverage_Lic,Licenses,,Alcoholic Beverage,,,
Amusement_License,Licenses,,Amusement,,,
Corporation_License,Licenses,,Corporation,,,
Hunting___Fishing_License,Licenses,,Hunting Fishing,,,
Motor_Vehicle_License,Licenses,,Motor Vehicle,,,
Motor_Veh_Oper_License,Licenses,,Motor Veh Oper,,,
Motor_Vehicle_License_Total,Licenses,,Motor Vehicle Total,,,
Public_Utility_License,Licenses,,Public Utility,,,
Occup_and_Bus_Lic_NEC,Licenses,,Occup and Bus NEC,,,
Other_License_Taxes,Licenses,,Other Taxes,,,
Total_Income_Taxes,Income Taxes,,Total,,,
Individual_Income_Tax,Income Taxes,,Individual,,,
Corp_Net_Income_Tax,Income Taxes,,Corp Net,,,
Death_and_Gift_Tax,Income Taxes,,Death and Gift,,,
Docum_and_Stock_Tr_Tax,Income Taxes,,Docum and Stock Tr,,,
Severance_Tax,Income Taxes,,Severance,,,
Taxes_NEC,Income Taxes,,NEC,,,
Total_IG_Revenue,Intergovernmental Revenue,,Total,,,
Total_Fed_IG_Revenue,Intergovernmental Revenue Federal,,Total,,,
Fed_IGR_Air_Transport,Intergovernmental Revenue Federal,,Air Transportation,,,
Fed_IGR_Education,Intergovernmental Revenue Federal,,Education,,,
Fed_IGR_Emp_Sec_Adm,Intergovernmental Revenue Federal,,Emp Sec Adm,,,
Fed_IGR_Gen_Rev_Shar,Intergovernmental Revenue Federal,,Gen Rev Shar,,,
Fed_IGR_Gen_Support,Intergovernmental Revenue Federal,,Gen Support,,,
Fed_IGR_Health___Hos,Intergovernmental Revenue Federal,,Hospitals,,,
Fed_IGR_Highways,Intergovernmental Revenue Federal,,Highways,,,
Fed_IGR_Transit_Sub,Intergovernmental Revenue Federal,,Transit Sub,,,
Fed_IGR_Hous_Com_Dev,Intergovernmental Revenue Federal,,Hous Com Dev,,,
Fed_IGR_Natural_Res,Intergovernmental Revenue Federal,,Natural Res,,,
Fed_IGR_Public_Welf,Intergovernmental Revenue Federal,,Public Welf,,,
Fed_IGR_Sewerage,Intergovernmental Revenue Federal,,Sewerage,,,
Fed_IGR_Other,Intergovernmental Revenue Federal,,Other,,,
Total_State_IG_Revenue,Intergovernmental Revenue State,,Total,,,
State_IGR_Education,Intergovernmental Revenue State,,Education,,,
State_IGR_Tax_Relief,Intergovernmental Revenue State,,Tax Relief,,,
State_IGR_Oth_Gen_Sup,Intergovernmental Revenue State,,Oth Gen Sup,,,
State_IGR_Gen_Sup,Intergovernmental Revenue State,,Gen Sup,,51,
State_IGR_Health___Hos,Intergovernmental Revenue State,,Hospitals,,,
State_IGR_Highways,Intergovernmental Revenue State,,Highways,,,
State_IGR_Transit_Sub,Intergovernmental Revenue State,,Transit Sub,,,
State_IGR_Hous_Com_Dev,Intergovernmental Revenue State,,Hous Com Dev,,,
State_IGR_Public_Welf,Intergovernmental Revenue State,,Public Welf,,,
State_IGR_Sewerage,Intergovernmental Revenue State,,Sewerage,,,
State_IGR_Other,Intergovernmental Revenue State,,Other,,,
Tot_Local_IG_Rev,Intergovernmental Revenue Local,,Total,,,
Local_IGR_InterSchool_Aid,Intergovernmental Revenue Local,,InterSchool Aid,,,
Local_IGR_Other_Education,Intergovernmental Revenue Local,,Other Education,,,
Local_IGR_Oth_Gen_Sup,Intergovernmental Revenue Local,,Oth Gen Sup,,,
Local_IGR_Health___Hos,Intergovernmental Revenue Local,,Hospitals,,,
Local_IGR_Highways,Intergovernmental Revenue Local,,Highways,,,
Local_IGR_Transit_Sub,Intergovernmental Revenue Local,,Transit Sub,,,
Local_IGR_Hous_Com_Dev,Intergovernmental Revenue Local,,Hous Com Dev,,,
Local_IGR_Public_Welf,Intergovernmental Revenue Local,,Public Welf,,,
Local_IGR_Sewerage,Intergovernmental Revenue Local,,Sewerage,,,
Local_IGR_Other,Intergovernmental Revenue Local,,Other,,,
Tot_Chgs_and_Misc_Rev,Charges,,Tot Chgs and Misc Rev,,,
Total_General_Charges,Charges,,Total General,,,
Chg_Air_Transportation,Charges,Chg,Air Transportation,,,
Chg_Misc_Com_Activ,Charges,Chg,Misc Com Activ,,,
Chg_Total_Education,Charges,Chg,Total Education,,,
Chg_Total_Elem_Education,Charges,Chg,Total Elem Education,,41,
Chg_Elem_Ed_Sch_Lunch,Charges,Chg,Elem Ed Sch Lunch,,,
Chg_Elem_Ed_Tuition,Charges,Chg,Elem Ed Tuition,,,
Chg_Elem_Ed_NEC,Charges,Chg,Elem Ed NEC,,,
Chg_Total_High_Ed,Charges,Chg,Total High Ed,,,
Chg_Hospitals,Charges,Chg,Hospitals,,,
Chg_Highways,Charges,Chg,Highways,,1,
Chg_Regular_Highways,Charges,Chg,Regular Highways,,,
Chg_Toll_Highways,Charges,Chg,Toll Highways,,,
Chg_Housing___Comm_Dev,Charges,Chg,Housing Comm Dev,,,
Chg_Total_Nat_Res,Charges,Chg,Total Nat Res,,,
Chg_Parking,Charges,Chg,Parking,,,
Chg_Parks___Recreation,Charges,Chg,Parks Recreation,,,
Chg_Sewerage,Charges,Chg,Sewerage,,,
Chg_Solid_Waste_Mgmt,Charges,Chg,Solid Waste Mgmt,,,
Chg_Water_Transport,Charges,Chg,Water Transport,,,
Chg_All_Other_NEC,Charges,Chg,All Other NEC,,,
Misc_General_Revenue,Misc General Revenue,,General Revenue,,,
Special_Assessments,Misc General Revenue,,Special Assessments,,,
Prop_Sale_Total,Misc General Revenue,,Prop Sale Total,,3,
Prop_Sale_Hous_Com_Dev,Misc General Revenue,,Prop Sale Hous Com Dev,,,
Prop_Sale_Other,Misc General Revenue,,Prop Sale Other,,,
Interest_Revenue,Misc General Revenue,,Interest Revenue,,,
Fines_and_Forfeits,Misc General Revenue,,Fines and Forfeits,,,
Rents_and_Royalties,Misc General Revenue,,Rents and Royalties,,,
Net_Lottery_Revenue,Misc General Revenue,,Net Lottery Revenue,,,
Misc_General_Rev_NEC,Misc General Revenue,,Misc General Rev NEC,,,
Liquor_Stores_Revenue,Liquor and Utilities,Utility_Rev,Liquor Revenue,,,
Total_Utility_Revenue,Liquor and Utilities,Utility_Rev,Total Utility Revenue,,,
Water_Utility_Revenue,Liquor and Utilities,Utility_Rev,Water Utility Revenue,,,
Electric_Utility_Rev,Liquor and Utilities,Utility_Rev,Electric Utility Revenue,,,
Gas_Utility_Rev,Liquor and Utilities,Utility_Rev,Gas Utility Revenue,,,
Transit_Utility_Rev,Liquor and Utilities,Utility_Rev,Transit Utility Revenue,,,
Total_Insur_Trust_Rev,Insurance Trusts ,Total_Insur,Total Revenue,,,
Total_Insur_Trust_Ctrb,Insurance Trusts ,Total_Insur,Total contributions,,,
Tot_Ins_Trust_Inv_Rev,Insurance Trusts ,Tot_Ins,Tot Inv Rev,,,
Total_Emp_Ret_Rev,Retirement Plan Data,Emp_Ret,Total Revenue,,,
Emp_Ret_Total_Ctrib,Retirement Plan Data,Emp_Ret,total contributions,,,
Emp_Ret_Loc_Emp_Ctrib,Retirement Plan Data,Emp_Ret,Loc Emp Ctrib,,,
Emp_Ret_Loc_To_Loc_Sys,Retirement Plan Data,Emp_Ret,Loc To Loc Sys,,,
Emp_Ret_From_Other_Gov,Retirement Plan Data,Emp_Ret,From Other Gov,,,
Emp_Ret_Sta_To_Sta_Ctr,Retirement Plan Data,Emp_Ret,Sta To Sta Ctr,,,
Emp_Ret_Int_Rev,Retirement Plan Data,Emp_Ret,Int Rev,,,
Emp_Ret_Other_Earnings,Retirement Plan Data,Emp_Ret,Other Earnings,,,
Total_Unemp_Rev,Unemployment Revenue,Unemp,Total,,,
Unemp_Payroll_Tax,Unemployment Revenue,Unemp,Payroll Tax,,,
Unemp_Int_Revenue,Unemployment Revenue,Unemp,Int Revenue,,,
Unemp_Federal_Advances,Unemployment Revenue,Unemp,Federal Advances,,,
Total_Expenditure,Unemployment Revenue,Unemp,Expenditure,,,
Total_IG_Expenditure,Totals,Total,IG Expenditure,,,
Direct_Expenditure,Totals,Total,Direct Expenditure,,,
Total_Current_Expend,Totals,Total,Current Expenditure,,,
Total_Current_Oper,Totals,Total,Current Oper,,,
Total_Capital_Outlays,Totals,Total,Capital Outlay,,,
Total_Construction,Totals,Total,Construction,,,
Total_Other_Capital_Outlays,Totals,Total,Other Capital Outlays,,,
Tot_Assist___Subsidies,Totals,Total,Assist Subsidies,,,
Total_Interest_on_Debt,Totals,Total,Interest on Debt,,,
Total_Insur_Trust_Ben,Totals,Total,Insur Trust Ben,,,
Total_Salaries___Wages,Totals,Total,Salaries Wages,,,
General_Expenditure,General Expenses  ,General,General Expenditure,,,
IG_Exp_To_State_Govt,General Expenses  ,General,IG Exp To Govts,,,
IG_Exp_To_Local_Govts,General Expenses  ,General,IG Exp To Govts,,,
IG_Exp_To_Federal_Govt,General Expenses  ,General,IG Exp To Federal Govt,,,
Direct_General_Expend,General Expenses  ,General,Direct Expenditure,,,
General_Current_Expend,General Expenses  ,General,General Current Expend,,,
General_Current_Oper,General Expenses  ,General,General Current Oper,,,
General_Capital_Outlay,General Expenses  ,General,Capital Outlay,,,
General_Construction,General Expenses  ,General,General Construction,,,
General_Capital_Outlay_Other,General Expenses  ,General,General Capital Outlay Other,,,
General_Assist___Sub,General Expenses  ,General,General Assist Sub,,,
General_Debt_Interest,General Expenses  ,General,General Debt Interest,,,
Air_Trans_Total_Expend,Air Transport,Air_Trans,Total Expenditure,,,
Air_Trans_Direct_Expend,Air Transport,Air_Trans,Direct Expenditure,,,
Air_Trans_Cap_Outlay,Air Transport,Air_Trans,Capital Outlay,,,
Air_Trans_Current_Exp,Air Transport,Air_Trans,Current Expenditure,,8,
Air_Trans_Construction,Air Transport,Air_Trans,Construction,,,
Air_Trans_IG_To_State,Air Transport,Air_Trans,IG To State,,,
Air_Trans_IG_Local_Govts,Air Transport,Air_Trans,IG Govts,,,
Misc_Com_Activ_Tot_Exp,Misc Commercial Activities,Mis_Com,Total Expenditure,,,
Misc_Com_Activ_Cap_Out,Misc Commercial Activities,Mis_Com,Capital Outlay,,,
Misc_Com_Activ_Current_Exp,Misc Commercial Activities,Mis_Com,Current Expenditure,,39,
Misc_Com_Activ_Constr,Misc Commercial Activities,Mis_Com,Construction,,,
Correct_Total_Exp,Correctional Institutions,Correct,Total Expenditure,,,
Correct_Direct_Exp,Correctional Institutions,Correct,Direct Expenditure,,,
Correct_Cap_Outlay,Correctional Institutions,Correct,Capital Outlay,,,
Correct_Current_Exp,Correctional Institutions,Correct,Current Expenditure,,,
Correct_Construct,Correctional Institutions,Correct,Construction,,,
Correct_IG_To_St,Correctional Institutions,Correct,IG To State,,,
Correct_IG_Loc_Govts,Correctional Institutions,Correct,IG Loc Govts,,,
Total_Educ_Total_Exp,Education,Educ,Expenditure,,,
Total_Educ_Direct_Exp,Education,Educ,Direct Expenditure,,,
Total_Educ_Assist___Sub,Education,Educ,Assist Subsidies,,,
Total_Educ_Cap_Outlay,Education,Educ,Capital Outlay,,,
Total_Educ_Current_Exp,Education,Educ,Total Current Exp,,,
Total_Educ_Construct,Education,Educ,Total Construction,,,
Elem_Educ_Total_Exp,Elementary And Secondary Education,Elem_Educ,Total Expenditure,,,
Elem_Educ_Direct_Exp,Elementary And Secondary Education,Elem_Educ,Direct Expenditure,,,
Elem_Educ_Cap_Outlay,Elementary And Secondary Education,Elem_Educ,Capital Outlay,,,
Elem_Educ_Current_Exp,Elementary And Secondary Education,Elem_Educ,Current Expenditure,,29,
Elem_Educ_Construction,Elementary And Secondary Education,Elem_Educ,Construction,,,
Elem_Educ_IG_To_State,Elementary And Secondary Education,Elem_Educ,IG To State,,,
Elem_Educ_IG_Local_Govts,Elementary And Secondary Education,Elem_Educ,IG Govts,,,
Elem_Educ_IG_Sch_to_Sch,Elementary And Secondary Education,Elem_Educ,IG Sch to Sch,,,
Higher_Ed_Total_Exp,Higher Education,Higher_Ed,Total Expenditure,,,
Higher_Ed_Direct_Exp,Higher Education,Higher_Ed,Direct Expenditure,,,
Higher_Ed_Cap_Outlay,Higher Education,Higher_Ed,Capital Outlay,,,
Higher_Ed_Current_Exp,Higher Education,Higher_Ed,Current Expenditure,,,
Higher_Ed_Construct,Higher Education,Higher_Ed,Construction,,,
Higher_Ed_IG_To_St,Higher Education,Higher_Ed,IG To State,,,
Higher_Ed_IG_Loc_Govts,Higher Education,Higher_Ed,IG Loc Govts,,,
Educ_NEC_Total_Expend,Education Not Otherwise classified,Educ_NEC,Total Expenditure,,,
Educ_NEC_Direct_Expend,Education Not Otherwise classified,Educ_NEC,Direct Expenditure,,,
Educ_NEC_Assistance,Education Not Otherwise classified,Educ_NEC,Assistance,,,
Educ_NEC_Cap_Outlay,Education Not Otherwise classified,Educ_NEC,Capital Outlay,,,
Educ_NEC_Current_Exp,Education Not Otherwise classified,Educ_NEC,Current Expenditure,,1,
Educ_NEC_Construction,Education Not Otherwise classified,Educ_NEC,Construction,,,
Educ_NEC_IG_To_State,Education Not Otherwise classified,Educ_NEC,IG To State,,,
Educ_NEC_IG_Local_Govts,Education Not Otherwise classified,Educ_NEC,IG Govts,,,
Emp_Sec_Adm_Direct_Exp,Employment Security Administation,Emp_Sec_Adm,Adm Direct Exp,,,
Emp_Sec_Adm_Cap_Outlay,Employment Security Administation,Emp_Sec_Adm,Capital Outlay,,,
Emp_Sec_Adm_Current_Exp,Employment Security Administation,Emp_Sec_Adm,Adm Current Exp,,1,
Emp_Sec_Adm_Construct,Employment Security Administation,Emp_Sec_Adm,Adm Construct,,,
Fin_Admin_Total_Exp,Financial Administation,Fin_Admin,Total Expenditure,,,
Fin_Admin_Direct_Exp,Financial Administation,Fin_Admin,Direct Expenditure,,,
Fin_Admin_Cap_Outlay,Financial Administation,Fin_Admin,Capital Outlay,,,
Fin_Admin_Current_Exp,Financial Administation,Fin_Admin,Current Expenditure,,,
Fin_Admin_Construction,Financial Administation,Fin_Admin,Construction,,,
Fin_Admin_IG_To_State,Financial Administation,Fin_Admin,IG To State,,,
Fin_Admin_IG_Local_Govts,Financial Administation,Fin_Admin,IG Govts,,,
Fire_Prot_Total_Expend,Fire Protection,Fire_Prot,Total Expenditure,,,
Fire_Prot_Direct_Exp,Fire Protection,Fire_Prot,Direct Expenditure,,,
Fire_Prot_Cap_Outlay,Fire Protection,Fire_Prot,Capital Outlay,,,
Fire_Prot_Current_Exp,Fire Protection,Fire_Prot,Current Expenditure,,50,
Fire_Prot_Construction,Fire Protection,Fire_Prot,Construction,,,
Fire_Prot_IG_To_State,Fire Protection,Fire_Prot,IG To State,,,
Fire_Prot_IG_Local_Govts,Fire Protection,Fire_Prot,IG Govts,,,
Judicial_Total_Expend,Judicial Expenditures,Judicial,Total Expenditure,,,
Judicial_Direct_Expend,Judicial Expenditures,Judicial,Direct Expenditure,,,
Judicial_Cap_Outlay,Judicial Expenditures,Judicial,Capital Outlay,,,
Judicial_Current_Exp,Judicial Expenditures,Judicial,Current Expenditure,,,
Judicial_Construction,Judicial Expenditures,Judicial,Construction,,,
Judicial_IG_To_State,Judicial Expenditures,Judicial,IG To State,,,
Judicial_IG_Local_Govts,Judicial Expenditures,Judicial,IG Govts,,,
Cen_Staff_Total_Expend,Central Staff Services,Cen_Staff,Total Expenditure,,,
Cen_Staff_Direct_Exp,Central Staff Services,Cen_Staff,Direct Expenditure,,,
Cen_Staff_Cap_Outlay,Central Staff Services,Cen_Staff,Capital Outlay,,,
Cen_Staff_Current_Exp,Central Staff Services,Cen_Staff,Current Expenditure,,,
Cen_Staff_Construction,Central Staff Services,Cen_Staff,Construction,,,
Cen_Staff_IG_To_State,Central Staff Services,Cen_Staff,IG To State,,,
Cen_Staff_IG_Local_Govts,Central Staff Services,Cen_Staff,IG Govts,,,
Gen_Pub_Bldg_Total_Exp,General Public Buildings,Gen_Pub_Bldg,Total Expenditure,,,
Gen_Pub_Bldg_Cap_Out,General Public Buildings,Gen_Pub_Bldg,Capital Outlay,,,
Gen_Pub_Bldg_Current_Exp,General Public Buildings,Gen_Pub_Bldg,Current Expenditure,,,
Gen_Pub_Bldg_Construct,General Public Buildings,Gen_Pub_Bldg,Construction,,,
Health_Total_Expend,Health,Health,Total Expenditure,,,
Health_Direct_Expend,Health,Health,Direct Expenditure,,,
Health_Capital_Outlay,Health,Health,Capital Outlay,,,
Health_Current_Exp,Health,Health,Current Expenditure,,,
Health_Construction,Health,Health,Construction,,,
Health_IG_To_State,Health,Health,IG To State,,,
Health_IG_Local_Govts,Health,Health,IG Govts,,,
Total_Hospital_Total_Exp,Hospital,Hospital,Total Expenditure,,,
Total_Hospital_Dir_Exp,Hospital,Hospital,Total Dir Exp,,,
Total_Hospital_Cap_Out,Hospital,Hospital,Total Capital Outlays,,,
Total_Hospital_Current_Exp,Hospital,Hospital,Total Current Exp,,,
Total_Hospital_Construct,Hospital,Hospital,Total Construction,,,
Total_Hospital_IG_To_State,Hospital,Hospital,Total IG To State,,,
Total_Hospital_IG_Loc_Govts,Hospital,Hospital,Total IG Loc Govts,,,
Own_Hospital_Total_Exp,Federal Owned Hospitals,Own_Hospital,Total Expenditure,,,
Own_Hospital_Cap_Out,Federal Owned Hospitals,Own_Hospital,Capital Outlay,,,
Own_Hospital_Current_Exp,Federal Owned Hospitals,Own_Hospital,Current Expenditure,,51,
Own_Hospital_Construct,Federal Owned Hospitals,Own_Hospital,Construction,,,
Hosp_Other_Total_Exp,Other Hospital Expenses- Federal but not veterans,Hosp_Other,Total Expenditure,,,
Hosp_Other_Direct_Exp,Other Hospital Expenses- Federal but not veterans,Hosp_Other,Direct Expenditure,,,
Hosp_Other_Cap_Outlay,Other Hospital Expenses- Federal but not veterans,Hosp_Other,Capital Outlay,,,
Hosp_Other_Current_Exp,Other Hospital Expenses- Federal but not veterans,Hosp_Other,Current Expenditure,,51,
Hosp_Other_Construct,Other Hospital Expenses- Federal but not veterans,Hosp_Other,Construction,,,
Hosp_Other_IG_To_State,Other Hospital Expenses- Federal but not veterans,Hosp_Other,IG To State,,,
Hosp_Other_IG_Loc_Govts,Other Hospital Expenses- Federal but not veterans,Hosp_Other,IG Loc Govts,,,
Total_Highways_Tot_Exp,Highways,Highways,Total Expenditure,,,
Total_Highways_Dir_Exp,Highways,Highways,Total Dir Exp,,,
Total_Highways_Cap_Out,Highways,Highways,Total Capital Outlays,,,
Total_Highways_Current_Exp,Highways,Highways,Total Current Exp,,,
Total_Highways_Construct,Highways,Highways,Total Construction,,,
Regular_Hwy_Total_Exp,Non-Toll Highways,Regular_Hwy,Total Expenditure,,,
Regular_Hwy_Direct_Exp,Non-Toll Highways,Regular_Hwy,Direct Expenditure,,,
Regular_Hwy_Cap_Outlay,Non-Toll Highways,Regular_Hwy,Capital Outlay,,,
Regular_Hwy_Current_Exp,Non-Toll Highways,Regular_Hwy,Current Expenditure,,,
Regular_Hwy_Construct,Non-Toll Highways,Regular_Hwy,Construction,,,
Regular_Hwy_IG_To_Sta,Non-Toll Highways,Regular_Hwy,IG To State,,,
Regular_Hwy_IG_Loc_Govts,Non-Toll Highways,Regular_Hwy,IG Loc Govts,,,
Toll_Hwy_Total_Expend,Toll Highways,Toll_Hwy,Total Expenditure,,,
Toll_Hwy_Cap_Outlay,Toll Highways,Toll_Hwy,Capital Outlay,,,
Toll_Hwy_Current_Exp,Toll Highways,Toll_Hwy,Current Expenditure,,22,
Toll_Hwy_Construction,Toll Highways,Toll_Hwy,Construction,,,
Transit_Sub_Total_Exp,Transit Subsidies,Transit_Sub,Total Expenditure,,,
Transit_Sub_Direct_Sub,Transit Subsidies,Transit_Sub,Direct Sub,,,
Transit_Sub_IG_To_Sta,Transit Subsidies,Transit_Sub,IG To State,,,
Transit_Sub_IG_Loc_Govts,Transit Subsidies,Transit_Sub,IG Loc Govts,,,
Transit_Sub_To_Own_Sys,Transit Subsidies,Transit_Sub,To Own Sys,,,
Hous___Com_Total_Exp,Housing and Community Development,Hous___Com,Total Expenditure,,,
Hous___Com_Direct_Exp,Housing and Community Development,Hous___Com,Direct Expenditure,,,
Hous___Com_Cap_Outlay,Housing and Community Development,Hous___Com,Capital Outlay,,,
Hous___Com_Current_Exp,Housing and Community Development,Hous___Com,Current Expenditure,,,
Hous___Com_Construct,Housing and Community Development,Hous___Com,Construction,,,
Hous___Com_IG_To_State,Housing and Community Development,Hous___Com,IG To State,,,
Hous___Com_IG_Loc_Govts,Housing and Community Development,Hous___Com,IG Loc Govts,,,
Libraries_Total_Expend,Libraries,Libraries,Total Expenditure,,,
Libraries_Direct_Exp,Libraries,Libraries,Direct Expenditure,,,
Libraries_Cap_Outlay,Libraries,Libraries,Capital Outlay,,,
Libraries_Current_Exp,Libraries,Libraries,Current Expenditure,,4,
Libraries_Construction,Libraries,Libraries,Construction,,,
Libraries_IG_To_State,Libraries,Libraries,IG To State,,,
Libraries_IG_Local_Govts,Libraries,Libraries,IG Govts,,,
Natural_Res_Total_Exp,Natural Resources,Natural_Res,Total Expenditure,,,
Natural_Res_Direct_Exp,Natural Resources,Natural_Res,Direct Expenditure,,,
Natural_Res_Cap_Outlay,Natural Resources,Natural_Res,Capital Outlay,,,
Natural_Res_Current_Exp,Natural Resources,Natural_Res,Current Expenditure,,,
Natural_Res_Construct,Natural Resources,Natural_Res,Construction,,,
Natural_Res_IG_To_Sta,Natural Resources,Natural_Res,IG To State,,,
Natural_Res_IG_Loc_Govts,Natural Resources,Natural_Res,IG Loc Govts,,,
Parking_Total_Expend,Parking Facilities,Parking,Total Expenditure,,,
Parking_Direct_Expend,Parking Facilities,Parking,Direct Expenditure,,,
Parking_Capital_Outlay,Parking Facilities,Parking,Capital Outlay,,,
Parking_Current_Exp,Parking Facilities,Parking,Current Expenditure,,45,
Parking_Construction,Parking Facilities,Parking,Construction,,,
Parking_IG_To_State,Parking Facilities,Parking,IG To State,,,
Parking_IG_Local_Govts,Parking Facilities,Parking,IG Govts,,,
Parks___Rec_Total_Exp,Parks and Recreation,Parks___Rec,Total Expenditure,,,
Parks___Rec_Direct_Exp,Parks and Recreation,Parks___Rec,Direct Expenditure,,,
Parks___Rec_Cap_Outlay,Parks and Recreation,Parks___Rec,Capital Outlay,,,
Parks___Rec_Current_Exp,Parks and Recreation,Parks___Rec,Current Expenditure,,,
Parks___Rec_Construct,Parks and Recreation,Parks___Rec,Construction,,,
Parks___Rec_IG_To_Sta,Parks and Recreation,Parks___Rec,IG To State,,,
Parks___Rec_IG_Loc_Govts,Parks and Recreation,Parks___Rec,IG Loc Govts,,,
Police_Prot_Total_Exp,Police Protection,Police_Prot,Total Expenditure,,,
Police_Prot_Direct_Exp,Police Protection,Police_Prot,Direct Expenditure,,,
Police_Prot_Cap_Outlay,Police Protection,Police_Prot,Capital Outlay,,,
Police_Prot_Current_Exp,Police Protection,Police_Prot,Current Expenditure,,,
Police_Prot_Construct,Police Protection,Police_Prot,Construction,,,
Police_Prot_IG_To_Sta,Police Protection,Police_Prot,IG To State,,,
Police_Prot_IG_Loc_Govts,Police Protection,Police_Prot,IG Loc Govts,,,
Prot_Insp_Total_Exp,Protective Inspection and Regulation,Prot_Insp_,Total Expenditure,,,
Prot_Insp_Direct_Exp,Protective Inspection and Regulation,Prot_Insp_,Direct Expenditure,,,
Prot_Insp_Cap_Outlay,Protective Inspection and Regulation,Prot_Insp_,Capital Outlay,,,
Prot_Insp_Current_Exp,Protective Inspection and Regulation,Prot_Insp_,Current Expenditure,,,
Prot_Insp_Construction,Protective Inspection and Regulation,Prot_Insp_,Construction,,,
Prot_Insp_IG_To_State,Protective Inspection and Regulation,Prot_Insp_,IG To State,,,
Prot_Insp_IG_Local_Govts,Protective Inspection and Regulation,Prot_Insp_,IG Govts,,,
Public_Welf_Total_Exp,Public Welfare,Public_Welf,Total Expenditure,,,
Public_Welf_Direct_Exp,Public Welfare,Public_Welf,Direct Expenditure,,,
Public_Welf_Cash_Asst,Public Welfare,Public_Welf,Cash Assistance,,,
Public_Welf_Cap_Outlay,Public Welfare,Public_Welf,Capital Outlay,,,
Public_Welf_Current_Exp,Public Welfare,Public_Welf,Current Expenditure,,,
Public_Welf_Construct,Public Welfare,Public_Welf,Construction,,,
Welf_Categ_Total_Exp,Public Welfare-Categorical Assistance Programs,Welf_Categ,Total Expenditure,,,
Welf_Categ_Cash_Assist,Public Welfare-Categorical Assistance Programs,Welf_Categ,Cash Assistance,,,
Welf_Categ_IG_To_State,Public Welfare-Categorical Assistance Programs,Welf_Categ,IG To State,,,
Welf_Categ_IG_Loc_Govts,Public Welfare-Categorical Assistance Programs,Welf_Categ,IG Loc Govts,,,
Welf_Cash_Total_Exp,Public Welfare-Cash assistance payments,Welf_Cash,Total Expenditure,,,
Welf_Cash_Cash_Assist,Public Welfare-Cash assistance payments,Welf_Cash,Cash Assistance,,,
Welf_Cash_IG_Local_Govts,Public Welfare-Cash assistance payments,Welf_Cash,IG Govts,,,
Welf_Vend_Pmts_Medical,Public Welfare Vendor Payments,Welf_Vend,Pmts Medical,,,
Welf_Vend_Pmts_NEC,Public Welfare Vendor Payments,Welf_Vend,Pmts NEC,,,
Welf_State_Share_Part_D,State Share of Medicare Part D,Welf_State_Share_Part_D,Welf Share Part D,,,
Welf_Ins_Total_Exp,Public Welfare Institutions,Welf_Ins,Total Expenditure,,,
Welf_Ins_Cap_Outlay,Public Welfare Institutions,Welf_Ins,Capital Outlay,,,
Welf_Ins_Current_Exp,Public Welfare Institutions,Welf_Ins,Current Expenditure,,7,
Welf_Ins_Construction,Public Welfare Institutions,Welf_Ins,Construction,,,
Welf_NEC_Total_Expend,Welfare Not elsewhere Classified,Welf_NEC,Total Expenditure,,,
Welf_NEC_Direct_Expend,Welfare Not elsewhere Classified,Welf_NEC,Direct Expenditure,,,
Welf_NEC_Cap_Outlay,Welfare Not elsewhere Classified,Welf_NEC,Capital Outlay,,,
Welf_NEC_Current_Exp,Welfare Not elsewhere Classified,Welf_NEC,Current Expenditure,,,
Welf_NEC_Construction,Welfare Not elsewhere Classified,Welf_NEC,Construction,,,
Welf_NEC_IG_To_State,Welfare Not elsewhere Classified,Welf_NEC,IG To State,,,
Welf_NEC_IG_Local_Govts,Welfare Not elsewhere Classified,Welf_NEC,IG Govts,,,
Sewerage_Total_Expend,Sewerage,Sewerage,Total Expenditure,,,
Sewerage_Direct_Expend,Sewerage,Sewerage,Direct Expenditure,,,
Sewerage_Cap_Outlay,Sewerage,Sewerage,Capital Outlay,,,
Sewerage_Current_Exp,Sewerage,Sewerage,Current Expenditure,,28,
Sewerage_Construction,Sewerage,Sewerage,Construction,,,
Sewerage_IG_To_State,Sewerage,Sewerage,IG To State,,,
Sewerage_IG_Local_Govts,Sewerage,Sewerage,IG Govts,,,
SW_Mgmt_Total_Expend,Solid Waste Management,SW_Mgmt,Total Expenditure,,,
SW_Mgmt_Direct_Expend,Solid Waste Management,SW_Mgmt,Direct Expenditure,,,
SW_Mgmt_Capital_Outlay,Solid Waste Management,SW_Mgmt,Capital Outlay,,,
SW_Mgmt_Current_Exp,Solid Waste Management,SW_Mgmt,Current Expenditure,,11,
SW_Mgmt_Construction,Solid Waste Management,SW_Mgmt,Construction,,,
SW_Mgmt_IG_To_State,Solid Waste Management,SW_Mgmt,IG To State,,,
SW_Mgmt_IG_Local_Govts,Solid Waste Management,SW_Mgmt,IG Govts,,,
Water_Trans_Total_Exp,Sea and Inland Port Facilities,Water_Trans,Total Expenditure,,,
Water_Trans_Direct_Exp,Sea and Inland Port Facilities,Water_Trans,Direct Expenditure,,,
Water_Trans_Cap_Outlay,Sea and Inland Port Facilities,Water_Trans,Capital Outlay,,,
Water_Trans_Current_Exp,Sea and Inland Port Facilities,Water_Trans,Current Expenditure,,30,
Water_Trans_Construct,Sea and Inland Port Facilities,Water_Trans,Construction,,,
Water_Trans_IG_To_Sta,Sea and Inland Port Facilities,Water_Trans,IG To State,,,
Water_Trans_IG_Loc_Govts,Sea and Inland Port Facilities,Water_Trans,IG Loc Govts,,,
Interest_on_Gen_Debt,Interest on General Debt,Interest_on_Gen_Debt,Interest on Gen Debt,,,
General_NEC_Total_Exp,General Expenses not elsewhere classified,General_NEC,Total Expenditure,,,
General_NEC_Direct_Exp,General Expenses not elsewhere classified,General_NEC,Direct Expenditure,,,
VetBonus,General Expenses not elsewhere classified,General_NEC,VetBonus,,,
General_NEC_Cap_Outlay,General Expenses not elsewhere classified,General_NEC,Capital Outlay,,,
General_NEC_Current_Exp,General Expenses not elsewhere classified,General_NEC,Current Expenditure,,,
General_NEC_Construct,General Expenses not elsewhere classified,General_NEC,Construction,,,
General_NEC_IG_To_St,General Expenses not elsewhere classified,General_NEC,IG To State,,,
General_NEC_IG_Loc_Govts,General Expenses not elsewhere classified,General_NEC,IG Loc Govts,,,
General_NEC_IG_To_Fed,General Expenses not elsewhere classified,General_NEC,IG To Fed,,,
Liquor_Stores_Tot_Exp,Liquor,Liquor,Total Expenditure,,,
Liquor_Stores_Cap_Out,Liquor,Liquor,Capital Outlay,,,
Liquor_Stores_Current_Exp,Liquor,Liquor,Current Expenditure,,35,
Liquor_Stores_Constr,Liquor,Liquor,Construction,,,
Total_Util_Total_Exp,Total Utilities,Total_Util,Total Expenditure,,,
Total_Util_Inter_Exp,Total Utilities,Total_Util,Inter Exp,,,
Total_Util_Cap_Outlay,Total Utilities,Total_Util,Capital Outlay,,,
Total_Util_Current_Exp,Total Utilities,Total_Util,Current Expenditure,,5,
Total_Util_Construct,Total Utilities,Total_Util,Construction,,,
Water_Util_Total_Exp,Water Supply Utilities,Water_Util,Total Expenditure,,,
Water_Util_Inter_Exp,Water Supply Utilities,Water_Util,Inter Exp,,,
Water_Util_Cap_Outlay,Water Supply Utilities,Water_Util,Capital Outlay,,,
Water_Util_Current_Exp,Water Supply Utilities,Water_Util,Current Expenditure,,24,
Water_Util_Construct,Water Supply Utilities,Water_Util,Construction,,,
Elec_Util_Total_Exp,Electric Power Utilities,Elec_Util,Total Expenditure,,,
Elec_Util_Inter_Exp,Electric Power Utilities,Elec_Util,Inter Exp,,,
Elec_Util_Cap_Outlay,Electric Power Utilities,Elec_Util,Capital Outlay,,,
Elec_Util_Current_Exp,Electric Power Utilities,Elec_Util,Current Expenditure,,42,
Elec_Util_Construct,Electric Power Utilities,Elec_Util,Construction,,,
Gas_Util_Total_Exp,Gas Supply Utilities,Gas_Util,Total Expenditure,,,
Gas_Util_Inter_Exp,Gas Supply Utilities,Gas_Util,Inter Exp,,,
Gas_Util_Cap_Outlay,Gas Supply Utilities,Gas_Util,Capital Outlay,,,
Gas_Util_Current_Exp,Gas Supply Utilities,Gas_Util,Current Expenditure,,49,
Gas_Util_Construct,Gas Supply Utilities,Gas_Util,Construction,,,
Trans_Util_Total_Exp,Transit System Utilities,Trans_Util,Total Expenditure,,,
Trans_Util_Inter_Exp,Transit System Utilities,Trans_Util,Inter Exp,,,
Trans_Util_Cap_Outlay,Transit System Utilities,Trans_Util,Capital Outlay,,,
Trans_Util_Current_Exp,Transit System Utilities,Trans_Util,Current Expenditure,,18,
Trans_Util_Construct,Transit System Utilities,Trans_Util,Construction,,,
Emp_Ret_Total_Expend,Employee Retirement,Emp_Ret,Total Expenditure,,,
Emp_Ret_Benefit_Paymts,Employee Retirement,Emp_Ret,Benefit Payments,,,
Emp_Ret_Withdrawals,Employee Retirement,Emp_Ret,Withdrawals,,,
Emp_Ret_Other_Paymts,Employee Retirement,Emp_Ret,Other Paymts,,,
Unemp_Comp_Total_Exp,Unemployment Compensation,Unemp,Total Expenditure,,,
Unemp_Comp_Ben_Paymts,Unemployment Compensation,Unemp,Benefit Payments,,,
Unemp_Ext___Spec_Pmts,Unemployment Compensation,Unemp,Spec Pmts,,,
Total_Debt_Outstanding,Debt Totals,Debt,Total Outstanding,,,
Total_Long_Term_Debt_Out,Debt Totals,Debt,Long Term Debt Out,,,
ST_Debt_End_of_Year,Debt Totals,Debt,ST Debt End of Year,,,
Total_Beg_LTD_Out,Beginning Long Term Debt Outstanding,Beg_LTD_Out,Total Outstanding,,,
Beg_LTD_Out_Private_Purp,Beginning Long Term Debt Outstanding,Beg_LTD_Out,Private Purp,,,
Beg_LTD_Out_All_Other,Beginning Long Term Debt Outstanding,Beg_LTD_Out,All Other,,,
Beg_LTD_Out_Utility,Beginning Long Term Debt Outstanding,Beg_LTD_Out,Utility,,,
Beg_LTD_Out_Water_Util,Beginning Long Term Debt Outstanding,Beg_LTD_Out,Water Utility,,,
Beg_LTD_Out_Elec_Util,Beginning Long Term Debt Outstanding,Beg_LTD_Out,Electric Utility,,,
Beg_LTD_Out_Gas_Util,Beginning Long Term Debt Outstanding,Beg_LTD_Out,Gas Util,,,
Beg_LTD_Out_Trans_Util,Beginning Long Term Debt Outstanding,Beg_LTD_Out,Trans Utility,,,
Beg_LTD_Out_General,Beginning Long Term Debt Outstanding,Beg_LTD_Out,General,,,
Beg_LTD_Out_Education,Beginning Long Term Debt Outstanding,Beg_LTD_Out,Education,,,
Beg_LTD_Out_Priv_Purp,Beginning Long Term Debt Outstanding,Beg_LTD_Out,Private Purp,,,
Beg_LTD_Out_Other_NEC,Beginning Long Term Debt Outstanding,Beg_LTD_Out,Other NEC,,,
Total_LTD_Issued,Long Term Debt Issued,LTD_Iss,Total,,,
LTD_Iss_Private_Purp,Long Term Debt Issued,LTD_Iss,Private Purp,,,
LTD_Iss_All_Other,Long Term Debt Issued,LTD_Iss,All Other,,,
LTD_Iss_Utility,Long Term Debt Issued,LTD_Iss,Utility,,,
LTD_Iss_Util_Water,Long Term Debt Issued,LTD_Iss,Water Utility,,,
LTD_Iss_Util_Electric,Long Term Debt Issued,LTD_Iss,Electric Utility,,,
LTD_Iss_Util_Gas_Supply,Long Term Debt Issued,LTD_Iss,Util Gas Supply,,,
LTD_Iss_Util_Transit,Long Term Debt Issued,LTD_Iss,Util Transit,,,
LTD_Iss_General,Long Term Debt Issued,LTD_Iss,General,,,
LTD_Iss_Gen_Elem_Educ,Long Term Debt Issued,LTD_Iss,Gen Elem Educ,,,
LTD_Iss_Gen_Other_Educ,Long Term Debt Issued,LTD_Iss,Gen Other Educ,,,
LTD_Iss_Gen_Other_NEC,Long Term Debt Issued,LTD_Iss,Gen Other NEC,,,
Total_LTD_Iss_FFC,Long Term Debt Issued - Full Faith and Credit,LTD_Iss_FFC,Total,,,
LTD_Iss_FFC_Utility,Long Term Debt Issued - Full Faith and Credit,LTD_Iss_FFC,Utility,,,
LTD_Iss_FFC_Water_Util,Long Term Debt Issued - Full Faith and Credit,LTD_Iss_FFC,Water Utility,,,
LTD_Iss_FFC_Elec_Util,Long Term Debt Issued - Full Faith and Credit,LTD_Iss_FFC,Electric Utility,,,
LTD_Iss_FFC_Gas_Util,Long Term Debt Issued - Full Faith and Credit,LTD_Iss_FFC,Gas Util,,,
LTD_Iss_FFC_Trans_Util,Long Term Debt Issued - Full Faith and Credit,LTD_Iss_FFC,Trans Utility,,,
LTD_Iss_FFC_General,Long Term Debt Issued - Full Faith and Credit,LTD_Iss_FFC,General,,,
LTD_Iss_FFC_Elem_Educ,Long Term Debt Issued - Full Faith and Credit,LTD_Iss_FFC,Elem Educ,,,
LTD_Iss_FFC_Other_Educ,Long Term Debt Issued - Full Faith and Credit,LTD_Iss_FFC,Other Education,,,
LTD_Iss_FFC_Other_NEC,Long Term Debt Issued - Full Faith and Credit,LTD_Iss_FFC,Other NEC,,,
Total_LTD_Iss_NG,Long Term Debt Issued - Non guaranteed,LTD_Iss_NG,Total,,,
LTD_Iss_NG_Utility,Long Term Debt Issued - Non guaranteed,LTD_Iss_NG,Utility,,,
LTD_Iss_NG_Water_Util,Long Term Debt Issued - Non guaranteed,LTD_Iss_NG,Water Utility,,,
LTD_Iss_NG_Elec_Util,Long Term Debt Issued - Non guaranteed,LTD_Iss_NG,Electric Utility,,,
LTD_Iss_NG_Gas_Util,Long Term Debt Issued - Non guaranteed,LTD_Iss_NG,Gas Util,,,
LTD_Iss_NG_Trans_Util,Long Term Debt Issued - Non guaranteed,LTD_Iss_NG,Trans Utility,,,
LTD_Iss_NG_General,Long Term Debt Issued - Non guaranteed,LTD_Iss_NG,General,,,
LTD_Iss_NG_Elem_Educ,Long Term Debt Issued - Non guaranteed,LTD_Iss_NG,Elem Educ,,,
LTD_Iss_NG_Other_Educ,Long Term Debt Issued - Non guaranteed,LTD_Iss_NG,Other Education,,,
LTD_Iss_NG_Private_Purp,Long Term Debt Issued - Non guaranteed,LTD_Iss_NG,Private Purp,,,
LTD_Iss_NG_Other_NEC,Long Term Debt Issued - Non guaranteed,LTD_Iss_NG,Other NEC,,,
Total_LTD_Iss_Unsp,Long Term Debt Issued - Unspecified Issue,LTD_Iss_Unsp,Total,,,
LTD_Iss_Unsp_Utility,Long Term Debt Issued - Unspecified Issue,LTD_Iss_Unsp,Utility,,,
LTD_Iss_Unsp_Water_Util,Long Term Debt Issued - Unspecified Issue,LTD_Iss_Unsp,Water Utility,,,
LTD_Iss_Unsp_Elec_Util,Long Term Debt Issued - Unspecified Issue,LTD_Iss_Unsp,Electric Utility,,,
LTD_Iss_Unsp_Gas_Util,Long Term Debt Issued - Unspecified Issue,LTD_Iss_Unsp,Gas Util,,,
LTD_Iss_Unsp_Trans_Util,Long Term Debt Issued - Unspecified Issue,LTD_Iss_Unsp,Trans Utility,,,
LTD_Iss_Unsp_General,Long Term Debt Issued - Unspecified Issue,LTD_Iss_Unsp,General,,,
LTD_Iss_Unsp_Elem_Educ,Long Term Debt Issued - Unspecified Issue,LTD_Iss_Unsp,Elem Educ,,,
LTD_Iss_Unsp_Other_Educ,Long Term Debt Issued - Unspecified Issue,LTD_Iss_Unsp,Other Education,,,
LTD_Iss_Unsp_Other_NEC,Long Term Debt Issued - Unspecified Issue,LTD_Iss_Unsp,Other NEC,,,
Total_LTD_Retired,Long Term Debt Retired During Fiscal Year,LTD_Ret,Total,,,
LTD_Ret_Private_Purp,Long Term Debt Retired During Fiscal Year,LTD_Ret,Private Purp,,,
LTD_Ret_All_Other,Long Term Debt Retired During Fiscal Year,LTD_Ret,All Other,,,
LTD_Ret_Utility,Long Term Debt Retired During Fiscal Year,LTD_Ret,Utility,,,
LTD_Ret_Util_Water,Long Term Debt Retired During Fiscal Year,LTD_Ret,Water Utility,,,
LTD_Ret_Util_Electric,Long Term Debt Retired During Fiscal Year,LTD_Ret,Electric Utility,,,
LTD_Ret_Util_Gas_Supply,Long Term Debt Retired During Fiscal Year,LTD_Ret,Util Gas Supply,,,
LTD_Ret_Util_Transit,Long Term Debt Retired During Fiscal Year,LTD_Ret,Util Transit,,,
LTD_Ret_General,Long Term Debt Retired During Fiscal Year,LTD_Ret,General,,,
LTD_Ret_Gen_Elem_Educ,Long Term Debt Retired During Fiscal Year,LTD_Ret,Gen Elem Educ,,,
LTD_Ret_Gen_Other_Educ,Long Term Debt Retired During Fiscal Year,LTD_Ret,Gen Other Educ,,,
LTD_Ret_Gen_Other_NEC,Long Term Debt Retired During Fiscal Year,LTD_Ret,Gen Other NEC,,,
Total_LTD_Ret_FFC,"Long Term Debt Retired, Full Faith and Credit",LTD_Ret_FFC,Total,,,
LTD_Ret_FFC_Utility,"Long Term Debt Retired, Full Faith and Credit",LTD_Ret_FFC,Utility,,,
LTD_Ret_FFC_Water_Util,"Long Term Debt Retired, Full Faith and Credit",LTD_Ret_FFC,Water Utility,,,
LTD_Ret_FFC_Elec_Util,"Long Term Debt Retired, Full Faith and Credit",LTD_Ret_FFC,Electric Utility,,,
LTD_Ret_FFC_Gas_Util,"Long Term Debt Retired, Full Faith and Credit",LTD_Ret_FFC,Gas Util,,,
LTD_Ret_FFC_Trans_Util,"Long Term Debt Retired, Full Faith and Credit",LTD_Ret_FFC,Trans Utility,,,
LTD_Ret_FFC_General,"Long Term Debt Retired, Full Faith and Credit",LTD_Ret_FFC,General,,,
LTD_Ret_FFC_Elem_Educ,"Long Term Debt Retired, Full Faith and Credit",LTD_Ret_FFC,Elem Educ,,,
LTD_Ret_FFC_Other_Educ,"Long Term Debt Retired, Full Faith and Credit",LTD_Ret_FFC,Other Education,,,
LTD_Ret_FFC_Other_NEC,"Long Term Debt Retired, Full Faith and Credit",LTD_Ret_FFC,Other NEC,,,
Total_LTD_Ret_NG,"Long Term Debt Retired, Non Guaranteed",LTD_Ret_NG,Total,,,
LTD_Ret_NG_Utility,"Long Term Debt Retired, Non Guaranteed",LTD_Ret_NG,Utility,,,
LTD_Ret_NG_Water_Util,"Long Term Debt Retired, Non Guaranteed",LTD_Ret_NG,Water Utility,,,
LTD_Ret_NG_Elec_Util,"Long Term Debt Retired, Non Guaranteed",LTD_Ret_NG,Electric Utility,,,
LTD_Ret_NG_Gas_Util,"Long Term Debt Retired, Non Guaranteed",LTD_Ret_NG,Gas Util,,,
LTD_Ret_NG_Trans_Util,"Long Term Debt Retired, Non Guaranteed",LTD_Ret_NG,Trans Utility,,,
LTD_Ret_NG_General,"Long Term Debt Retired, Non Guaranteed",LTD_Ret_NG,General,,,
LTD_Ret_NG_Elem_Educ,"Long Term Debt Retired, Non Guaranteed",LTD_Ret_NG,Elem Educ,,,
LTD_Ret_NG_Other_Educ,"Long Term Debt Retired, Non Guaranteed",LTD_Ret_NG,Other Education,,,
LTD_Ret_NG_Private_Purp,"Long Term Debt Retired, Non Guaranteed",LTD_Ret_NG,Private Purp,,,
LTD_Ret_NG_Other_NEC,"Long Term Debt Retired, Non Guaranteed",LTD_Ret_NG,Other NEC,,,
Total_LTD_Ret_Unsp,"Long Term Debt Retired, Unspecified",LTD_Ret_Unsp,Total,,,
LTD_Ret_Unsp_Utility,"Long Term Debt Retired, Unspecified",LTD_Ret_Unsp,Utility,,,
LTD_Ret_Unsp_Water_Util,"Long Term Debt Retired, Unspecified",LTD_Ret_Unsp,Water Utility,,,
LTD_Ret_Unsp_Elec_Utili,"Long Term Debt Retired, Unspecified",LTD_Ret_Unsp,Electric Utility,,,
LTD_Ret_Unsp_Gas_Util,"Long Term Debt Retired, Unspecified",LTD_Ret_Unsp,Gas Util,,,
LTD_Ret_Unsp_Trans_Util,"Long Term Debt Retired, Unspecified",LTD_Ret_Unsp,Trans Utility,,,
LTD_Ret_Unsp_General,"Long Term Debt Retired, Unspecified",LTD_Ret_Unsp,General,,,
LTD_Ret_Unsp_Elem_Educ,"Long Term Debt Retired, Unspecified",LTD_Ret_Unsp,Elem Educ,,,
LTD_Ret_Unsp_Other_Educ,"Long Term Debt Retired, Unspecified",LTD_Ret_Unsp,Other Education,,,
LTD_Ret_Unsp_Other_NEC,"Long Term Debt Retired, Unspecified",LTD_Ret_Unsp,Other NEC,,,
Total_LTD_Out,Long Term Debt Outstanding,LTD_Out,Total,,,
LTD_Out_Private_Purp,Long Term Debt Outstanding,LTD_Out,Private Purp,,,
LTD_Out_All_Other,Long Term Debt Outstanding,LTD_Out,All Other,,,
Total_LTD_Out_Utility,Long Term Debt Outstanding,LTD_Out,Total Utility,,,
LTD_Out_Util_Water,Long Term Debt Outstanding,LTD_Out,Water Utility,,,
LTD_Out_Util_Electric,Long Term Debt Outstanding,LTD_Out,Electric Utility,,,
LTD_Out_Util_Gas_Supply,Long Term Debt Outstanding,LTD_Out,Util Gas Supply,,,
LTD_Out_Util_Transit,Long Term Debt Outstanding,LTD_Out,Util Transit,,,
LTD_Out_General,Long Term Debt Outstanding,LTD_Out,General,,,
LTD_Out_Gen_Elem_Educ,Long Term Debt Outstanding,LTD_Out,Gen Elem Educ,,,
LTD_Out_Gen_Other_Educ,Long Term Debt Outstanding,LTD_Out,Gen Other Educ,,,
LTD_Out_Gen_Other_NEC,Long Term Debt Outstanding,LTD_Out,Gen Other NEC,,,
Total_LTD_Out_FFC,"Long Term Debt Outstanding, Full-Faith and Credit",LTD_Out_FFC,Total,,,
LTD_Out_FFC_Utility,"Long Term Debt Outstanding, Full-Faith and Credit",LTD_Out_FFC,Utility,,,
LTD_Out_FFC_Water_Util,"Long Term Debt Outstanding, Full-Faith and Credit",LTD_Out_FFC,Water Utility,,,
LTD_Out_FFC_Elec_Util,"Long Term Debt Outstanding, Full-Faith and Credit",LTD_Out_FFC,Electric Utility,,,
LTD_Out_FFC_Gas_Util,"Long Term Debt Outstanding, Full-Faith and Credit",LTD_Out_FFC,Gas Util,,,
LTD_Out_FFC_Trans_Util,"Long Term Debt Outstanding, Full-Faith and Credit",LTD_Out_FFC,Trans Utility,,,
LTD_Out_FFC_General,"Long Term Debt Outstanding, Full-Faith and Credit",LTD_Out_FFC,General,,,
LTD_Out_FFC_Elem_Educ,"Long Term Debt Outstanding, Full-Faith and Credit",LTD_Out_FFC,Elem Educ,,,
LTD_Out_FFC_Other_Educ,"Long Term Debt Outstanding, Full-Faith and Credit",LTD_Out_FFC,Other Education,,,
LTD_Out_FFC_Other_NEC,"Long Term Debt Outstanding, Full-Faith and Credit",LTD_Out_FFC,Other NEC,,,
Tot_LTD_Out_NG,"Long Term Debt Outstanding, Nonguaranteed",LTD_Out_NG,Total,,,
LTD_Out_NG_Utility,"Long Term Debt Outstanding, Nonguaranteed",LTD_Out_NG,Utility,,,
LTD_Out_NG_Water_Util,"Long Term Debt Outstanding, Nonguaranteed",LTD_Out_NG,Water Utility,,,
LTD_Out_NG_Elec_Util,"Long Term Debt Outstanding, Nonguaranteed",LTD_Out_NG,Electric Utility,,,
LTD_Out_NG_Gas_Util,"Long Term Debt Outstanding, Nonguaranteed",LTD_Out_NG,Gas Util,,,
LTD_Out_NG_Trans_Util,"Long Term Debt Outstanding, Nonguaranteed",LTD_Out_NG,Trans Utility,,,
LTD_Out_NG_General,"Long Term Debt Outstanding, Nonguaranteed",LTD_Out_NG,General,,,
LTD_Out_NG_Elem_Educ,"Long Term Debt Outstanding, Nonguaranteed",LTD_Out_NG,Elem Educ,,,
LTD_Out_NG_Other_Educ,"Long Term Debt Outstanding, Nonguaranteed",LTD_Out_NG,Other Education,,,
LTD_Out_NG_Private_Purp,"Long Term Debt Outstanding, Nonguaranteed",LTD_Out_NG,Private Purp,,,
LTD_Out_NG_Other_NEC,"Long Term Debt Outstanding, Nonguaranteed",LTD_Out_NG,Other NEC,,,
Total_Cash___Securities,Cash and Securities,Cash___Securities,Total,,,
Insur_Trust_Cash___Sec,Insurance Trust Funds only Cash and Securities,Cash___Sec,Insur Trust Cash Sec,,,
Emp_Retire_Cash___Sec,Employee Retirement Systems Cash and Securities,Emp_Retire,Emp Retire Cash Sec,,,
Emp_Retire_Cash___Dep,Employee Retirement Systems Cash and Securities,Emp_Retire,Emp Retire Cash Dep,,,
Emp_Retire_Total_Sec,Employee Retirement Systems Cash and Securities,Emp_Retire,Emp Retire Total Sec,,,
Emp_Retire_Sec_Tot_Fed,Employee Retirement Systems Cash and Securities,Emp_Retire,Emp Retire Sec Tot Fed,,,
Emp_Retire_Sec_S_L_Secur,Employee Retirement Systems Cash and Securities,Emp_Retire,Emp Retire Sec S L Secur,,,
Emp_Retire_Sec_Tot_Nong,Employee Retirement Systems Cash and Securities,Emp_Retire,Emp Retire Sec Tot Nong,,,
Emp_Retire_Sec_Corp_Bds,Employee Retirement Systems Cash and Securities,Emp_Retire,Emp Retire Sec Corp Bds,,,
Emp_Retire_Sec_Corp_Stk,Employee Retirement Systems Cash and Securities,Emp_Retire,Emp Retire Sec Corp Stk,,,
Emp_Retire_Sec_Mortgages,Employee Retirement Systems Cash and Securities,Emp_Retire,Emp Retire Sec Mortgages,,,
Emp_Retire_Sec_Misc_Inv,Employee Retirement Systems Cash and Securities,Emp_Retire,Emp Retire Sec Misc Inv,,,
Emp_Retire_Sec_Oth_Nong,Employee Retirement Systems Cash and Securities,Emp_Retire,Emp Retire Sec Oth Nong,,,
Unemp_Comp_Cash___Sec,Unemployment Compensation Funds Cash and Securities,Unemp_Comp,Cash Security,,,
Unemp_Comp_Bal_In_US_Trs,Unemployment Compensation Funds Cash and Securities,Unemp_Comp,Bal In US Trs,,,
Unemp_Comp_Other_Balance,Unemployment Compensation Funds Cash and Securities,Unemp_Comp,Other Balance,,,
Nonin_Trust_Cash___Sec,Other Insurance Trusts Holdings Cash and Securities,Nonin_Trust_Cash___Sec,Nonin Trust Cash Sec,,,
Sinking_Fd_Cash___Sec,Sinking Funds (Debt Service Funds) cash and Securities,Sinking_Fd_Cash___Sec,Sinking Fd Cash Sec,,,
Bond_Fd_Cash___Sec,Bond Funds Cash and Securities,Bond_Fd_Cash___Sec,Bond Fd Cash Sec,,,
Oth_Nonin_Fd_Cash___Sec,All Other Non-insurance Funds Cash and Securities,Oth_Nonin_Fd_Cash___Sec,Oth Nonin Fd Cash Sec,,,